id,reading,answer,example,category,level
1,あいさつ,挨拶,朝のあいさつをする,日常,3
2,ふんいき,雰囲気,店のふんいきがいい,日常,3
3,りょうしゅうしょ,領収書,りょうしゅうしょをもらう,買い物,3
4,ふうとう,封筒,ふうとうに手紙を入れる,日常,3
5,いんかん,印鑑,いんかんを押す,手続き,3
6,かんきせん,換気扇,かんきせんを回す,家,3
7,げんかん,玄関,げんかんに靴を置く,家,3
8,ろうか,廊下,ろうかを歩く,家,3
9,じゅうたい,渋滞,じゅうたいに巻き込まれる,交通,3
10,めんきょ,免許,めんきょを更新する,交通,3
11,かいさつ,改札,かいさつを通る,交通,3
12,うんちん,運賃,うんちんを払う,交通,3
13,せいきゅう,請求,料金をせいきゅうする,仕事,3
14,ふっとう,沸騰,お湯がふっとうする,料理,3
15,しょうゆ,醤油,しょうゆを少しかける,料理,3
16,しっけ,湿気,部屋のしっけが多い,家,3
17,しょほう,処方,薬をしょほうしてもらう,病院,3
18,すいみん,睡眠,十分なすいみんをとる,健康,3
19,てんぷ,添付,メールに資料をてんぷする,仕事,3
20,すいせん,推薦,候補者をすいせんする,仕事,3
21,そうじ,掃除,週末に部屋を掃除する,日常,1
22,せんたく,洗濯,朝のうちに洗濯を済ませる,日常,1
23,かんそう,乾燥,冬は空気が乾燥しやすい,日常,1
24,しゅうのう,収納,押し入れの収納を見直す,日常,2
25,せいり,整理,机の上を整理する,日常,1
26,せいとん,整頓,使った道具を整頓する,日常,2
27,しゅうり,修理,壊れた時計を修理に出す,日常,1
28,こしょう,故障,エアコンが突然故障した,日常,2
29,せつでん,節電,使わない照明を消して節電する,日常,1
30,だんぼう,暖房,寒いので暖房をつける,日常,2
31,れいぼう,冷房,暑くなったので冷房を入れる,日常,1
32,しょうめい,照明,部屋の照明を明るくする,日常,2
33,かんでんち,乾電池,時計の乾電池を交換する,日常,2
34,じゅうでん,充電,寝る前にスマホを充電する,日常,1
35,せっちゃくざい,接着剤,外れた部品を接着剤で直す,日常,2
36,かびとり,カビ取り,浴室のカビ取りをする,家,1
37,しょうしゅう,消臭,玄関の消臭対策をする,日常,2
38,だっしゅう,脱臭,冷蔵庫の脱臭剤を交換する,日常,2
39,せんざい,洗剤,食器用の洗剤を買い足す,日常,1
40,ひょうはく,漂白,白い布巾を漂白する,日常,3
41,ざいこ,在庫,商品の在庫を確認する,買い物,2
42,ざんだか,残高,口座の残高を確認する,買い物,2
43,りょうがえ,両替,千円札を小銭に両替する,買い物,2
44,わりびき,割引,会員限定の割引を利用する,買い物,1
45,へんぴん,返品,サイズが合わず商品を返品した,買い物,2
46,こうかん,交換,不良品を新しい商品と交換する,買い物,1
47,ほしょう,保証,家電の保証期間を確認する,買い物,2
48,ぜいこみ,税込,表示価格は税込です,買い物,1
49,ぜいぬき,税抜,税抜価格を確認する,買い物,1
50,しょうひんけん,商品券,お祝いでもらった商品券を使う,買い物,1
51,こうにゅう,購入,必要な文房具を購入する,買い物,1
52,ちゅうもん,注文,店員に飲み物を注文する,買い物,1
53,はいそう,配送,荷物の配送状況を確認する,買い物,2
54,そうりょう,送料,一定額以上なら送料が無料になる,買い物,2
55,ひんぎれ,品切れ,欲しかった商品が品切れだった,買い物,1
56,ていきけん,定期券,駅で定期券を更新する,交通,1
57,じょうしゃけん,乗車券,券売機で乗車券を買う,交通,1
58,のりかえ,乗換,次の駅で地下鉄に乗換する,交通,2
59,しゅうでん,終電,帰りの終電の時刻を調べる,交通,1
60,しはつ,始発,朝一番の始発に乗る,交通,1
61,うんきゅう,運休,大雨のため電車が運休になった,交通,2
62,ちえん,遅延,事故で電車に遅延が出ている,交通,2
63,じょこう,徐行,工事区間を徐行して通る,交通,3
64,うかい,迂回,渋滞を避けて別の道へ迂回する,交通,3
65,ほこうしゃ,歩行者,横断歩道では歩行者を優先する,交通,1
66,ちゅうしゃ,駐車,指定された場所に駐車する,交通,2
67,ちゅうりん,駐輪,自転車を駐輪場に止める,交通,2
68,しゃせん,車線,右側の車線に移る,交通,2
69,おうだん,横断,横断歩道を渡る,交通,1
70,しんごう,信号,信号が青になってから渡る,交通,1
71,ていしゅつ,提出,書類を期限までに提出する,仕事,1
72,しめきり,締切,申し込みの締切を確認する,仕事,2
73,きげん,期限,支払い期限を忘れないようにする,仕事,1
74,しょうにん,承認,上司の承認を得る,仕事,2
75,しょうさい,詳細,予定の詳細をメールで確認する,仕事,2
76,がいとう,該当,条件に該当する項目を選ぶ,仕事,3
77,きさい,記載,申込書に住所を記載する,仕事,2
78,てんき,転記,資料の数字を表に転記する,仕事,2
79,ていせい,訂正,間違っていた箇所を訂正する,仕事,2
80,さくじょ,削除,不要なファイルを削除する,仕事,2
81,ほぞん,保存,作成した文書を保存する,仕事,1
82,いんさつ,印刷,必要な資料を印刷する,仕事,1
83,へんしん,返信,届いたメールに返信する,仕事,1
84,てんそう,転送,メールを担当者に転送する,仕事,2
85,そうしん,送信,確認してからメールを送信する,仕事,1
86,じゅしん,受信,新しいメールを受信する,仕事,1
87,けんめい,件名,メールの件名を入力する,仕事,2
88,あてさき,宛先,送信前に宛先を確認する,仕事,3
89,しょめい,署名,書類の最後に署名する,仕事,2
90,おういん,押印,確認後に書類へ押印する,仕事,3
91,しんせい,申請,窓口で証明書を申請する,手続き,1
92,こうしん,更新,免許証の更新手続きをする,手続き,1
93,ゆうこうきげん,有効期限,カードの有効期限を確認する,手続き,1
94,ほんにんかくにん,本人確認,受付で本人確認を行う,手続き,1
95,しょうめいしょ,証明書,窓口で証明書を受け取る,手続き,2
96,じゅうみんひょう,住民票,役所で住民票を取得する,手続き,2
97,こせき,戸籍,手続きに戸籍の書類が必要になる,手続き,2
98,いにんじょう,委任状,代理人に委任状を渡す,手続き,3
99,けいやく,契約,内容を確認してから契約する,手続き,1
100,かいやく,解約,使わないサービスを解約する,手続き,1
101,しょうみきげん,賞味期限,食品の賞味期限を確認する,料理,2
102,しょうひきげん,消費期限,弁当の消費期限を確認する,料理,2
103,れいとう,冷凍,余った肉を冷凍して保存する,料理,1
104,かいとう,解凍,冷凍した肉を冷蔵庫で解凍する,料理,1
105,ちょうみりょう,調味料,料理に使う調味料をそろえる,料理,2
106,さとう,砂糖,紅茶に砂糖を少し入れる,料理,1
107,しお,塩,味を見ながら塩を加える,料理,1
108,こむぎこ,小麦粉,小麦粉を量ってボウルに入れる,料理,1
109,かたくりこ,片栗粉,とろみをつけるため片栗粉を使う,料理,2
110,しょうが,生姜,料理に刻んだ生姜を加える,料理,2
111,しんさつ,診察,病院で医師の診察を受ける,病院,1
112,よやく,予約,病院の診察を予約する,病院,1
113,うけつけ,受付,病院の受付で名前を伝える,病院,1
114,しょほうせん,処方箋,薬局に処方箋を持っていく,病院,3
115,やっきょく,薬局,病院の帰りに薬局へ寄る,病院,1
116,けんさ,検査,病院で血液検査を受ける,病院,1
117,けつあつ,血圧,毎朝同じ時間に血圧を測る,健康,1
118,たいおん,体温,体調が悪いので体温を測る,健康,1
119,すいぶん,水分,こまめに水分を補給する,健康,1
120,ひろう,疲労,十分に休んで疲労を回復する,健康,2
121,せんぬき,栓抜き,瓶のふたを栓抜きで開ける,料理,2
122,ほうちょう,包丁,包丁で野菜を切る,料理,1
123,まないた,まな板,使ったまな板をよく洗う,料理,1
124,なべ,鍋,鍋に水を入れて火にかける,料理,1
125,ふきんかけ,布巾掛け,使った布巾を布巾掛けに干す,家,2
126,にこむ,煮込む,弱火で具材をじっくり煮込む,料理,2
127,いためる,炒める,野菜を油でさっと炒める,料理,2
128,むす,蒸す,野菜を蒸して柔らかくする,料理,2
129,あげる,揚げる,油でからりと揚げる,料理,2
130,もりつけ,盛り付け,料理を皿にきれいに盛り付ける,料理,2
131,しるもの,汁物,夕食に温かい汁物を添える,料理,2
132,すいはん,炊飯,朝食に合わせて炊飯を予約する,料理,2
133,たく,炊く,夕食用のご飯を炊く,料理,2
134,こしょう,胡椒,仕上げに胡椒を少し振る,料理,3
135,す,酢,酢を使ってさっぱり味にする,料理,2
136,みそ,味噌,味噌を溶いてみそ汁を作る,料理,2
137,とうふ,豆腐,豆腐を食べやすい大きさに切る,料理,1
138,たまねぎ,玉ねぎ,玉ねぎを薄く切って炒める,料理,1
139,れんこん,れん根,れん根を薄切りにして煮る,料理,2
140,ほししいたけ,干し椎茸,干し椎茸を水で戻して煮物に使う,料理,3
141,ふとん,布団,天気がいいので布団を干す,家,1
142,まくら,枕,寝る前に枕の高さを調整する,家,2
143,もうふ,毛布,寒い夜は毛布を一枚追加する,家,1
144,しょうじ,障子,破れた障子を張り替える,家,2
145,あみど,網戸,暑いので網戸にして風を通す,家,2
146,せんめんじょ,洗面所,洗面所の鏡を拭く,家,1
147,よくしつ,浴室,入浴後に浴室を換気する,家,2
148,だいどころ,台所,台所をきれいに片付ける,家,1
149,じゃぐち,蛇口,蛇口をしっかり閉める,家,3
150,はいすいこう,排水口,排水口のごみを取り除く,家,2
151,せんたくもの,洗濯物,洗濯物をベランダに干す,家,1
152,ものほしざお,物干し竿,物干し竿に洗濯物を掛ける,家,2
153,そうじき,掃除機,掃除機をかけて床のほこりを取る,家,1
154,ぞうきん,雑巾,雑巾で床を水拭きする,家,2
155,ほこり,埃,棚の上に埃がたまっている,家,3
156,けつろ,結露,窓についた結露を拭き取る,家,2
157,だんねつ,断熱,窓の断熱対策をする,家,2
158,かぎ,鍵,出かける前に鍵を確認する,家,2
159,とじまり,戸締まり,寝る前に戸締まりを確認する,家,2
160,るすばん,留守番,家族が帰るまで留守番をする,家,1
161,きゅうよ,給与,今月の給与明細を確認する,仕事,2
162,きゅうりょう,給料,給料が口座に振り込まれる,仕事,1
163,ざんぎょう,残業,今日は一時間だけ残業する,仕事,2
164,きゅうけい,休憩,昼に一時間の休憩を取る,仕事,1
165,ちこく,遅刻,電車の遅延で会社に遅刻した,仕事,1
166,そうたい,早退,体調が悪く仕事を早退する,仕事,2
167,けっきん,欠勤,欠勤することを職場に連絡する,仕事,2
168,しゅっきん,出勤,朝八時半に出勤する,仕事,1
169,たいきん,退勤,仕事を終えて定時に退勤する,仕事,2
170,きんむ,勤務,来月の勤務予定を確認する,仕事,1
171,たんとう,担当,担当者に内容を確認する,仕事,1
172,ひきつぎ,引継ぎ,後任者へ仕事の引継ぎをする,仕事,2
173,かいぎ,会議,午後から会議に参加する,仕事,1
174,ぎじろく,議事録,会議の議事録を作成する,仕事,3
175,しりょう,資料,会議で使う資料を準備する,仕事,1
176,みつもり,見積もり,修理費用の見積もりを依頼する,仕事,2
177,みつもりしょ,見積書,取引先へ見積書を送る,仕事,2
178,のうき,納期,商品の納期を確認する,仕事,2
179,はっちゅう,発注,必要な備品を業者に発注する,仕事,2
180,じゅちゅう,受注,新しい仕事を受注する,仕事,2
181,こうざ,口座,銀行で新しい口座を開設する,手続き,1
182,ふりこみ,振込,指定された口座へ振込をする,手続き,2
183,ひきおとし,引き落とし,料金が口座から自動で引き落としされる,手続き,2
184,つうちょう,通帳,通帳に入出金の記録を残す,手続き,2
185,あんしょうばんごう,暗証番号,暗証番号を他人に教えない,手続き,2
186,てすうりょう,手数料,振込には手数料がかかる,手続き,2
187,こうざふりかえ,口座振替,電気料金を口座振替にする,手続き,2
188,しはらい,支払い,今月の支払いを確認する,手続き,1
189,にゅうきん,入金,口座への入金を確認する,手続き,1
190,せいきゅうしょ,請求書,取引先から請求書が届く,手続き,2
191,のうふ,納付,税金を期限までに納付する,手続き,2
192,ぜいきん,税金,毎年の税金を納める,手続き,1
193,しょとく,所得,一年間の所得を確認する,手続き,2
194,こうじょ,控除,医療費控除について調べる,手続き,3
195,かくていしんこく,確定申告,必要な書類をそろえて確定申告をする,手続き,2
196,てんきょ,転居,転居に伴う手続きを行う,手続き,2
197,てんにゅう,転入,役所で転入の届けを出す,手続き,2
198,てんしゅつ,転出,引っ越し前に転出の届けを出す,手続き,2
199,へんこう,変更,登録している住所を変更する,手続き,1
200,さいはっこう,再発行,紛失したカードを再発行してもらう,手続き,2
201,しょうじょう,症状,診察で現在の症状を伝える,病院,2
202,ずつう,頭痛,朝から頭痛が続いている,健康,1
203,ふくつう,腹痛,急な腹痛で少し休む,健康,1
204,はつねつ,発熱,夜になって発熱した,健康,1
205,せき,咳,咳が続くので病院へ行く,健康,2
206,はなみず,鼻水,風邪で鼻水が止まらない,健康,1
207,のど,喉,乾燥して喉が痛い,健康,3
208,めまい,眩暈,急に眩暈がしたので座って休む,健康,3
209,はきけ,吐き気,急に吐き気を感じた,健康,2
210,げり,下痢,おなかを壊して下痢が続く,健康,2
211,べんぴ,便秘,水分を取って便秘を防ぐ,健康,2
212,ねんざ,捻挫,段差で足首を捻挫した,健康,3
213,こっせつ,骨折,転倒して腕を骨折した,健康,2
214,しっぷ,湿布,痛む場所に湿布を貼る,病院,2
215,しょうどく,消毒,傷口をきれいにして消毒する,病院,2
216,ほうたい,包帯,けがをした部分に包帯を巻く,病院,2
217,けんこうしんだん,健康診断,年に一度健康診断を受ける,健康,1
218,よぼうせっしゅ,予防接種,病院で予防接種を受ける,病院,2
219,すいみんぶそく,睡眠不足,睡眠不足が続かないよう早めに寝る,健康,1
220,えいよう,栄養,栄養のバランスを考えて食事をする,健康,2
221,けしょう,化粧,出かける前に化粧をする,日常,1
222,かみそり,剃刀,剃刀を安全な場所にしまう,日常,3
223,くし,櫛,櫛で髪を整える,日常,3
224,かがみ,鏡,鏡を見ながら髪を整える,日常,2
225,せんぱつ,洗髪,入浴中に髪を洗髪する,日常,2
226,はみがき,歯磨き,寝る前に歯磨きをする,日常,1
227,はぶらし,歯ブラシ,古い歯ブラシを交換する,日常,1
228,ねぐせ,寝癖,朝起きたら寝癖を直す,日常,2
229,えり,襟,シャツの襟を整える,日常,3
230,そで,袖,シャツの袖をまくる,日常,2
231,すそ,裾,ズボンの裾を直してもらう,日常,3
232,くつした,靴下,新しい靴下を買う,日常,1
233,くつひも,靴紐,ほどけた靴紐を結び直す,日常,2
234,かさ,傘,雨が降りそうなので傘を持つ,日常,2
235,さいふ,財布,出かける前に財布を確認する,日常,2
236,こぜに,小銭,財布の中の小銭を数える,日常,1
237,にもつ,荷物,旅行の荷物をまとめる,日常,1
238,わすれもの,忘れ物,家を出る前に忘れ物がないか確認する,日常,1
239,ひるね,昼寝,休日に少し昼寝をする,日常,1
240,めざまし,目覚まし,目覚ましを六時半に設定する,日常,2
241,しょくひ,食費,今月の食費を計算する,買い物,1
242,こうねつひ,光熱費,冬は光熱費が高くなりやすい,買い物,2
243,せつやく,節約,無駄な出費を減らして節約する,買い物,1
244,しゅっぴ,出費,今月は予定外の出費が多かった,買い物,2
245,よさん,予算,旅行の予算を決める,買い物,1
246,げんきん,現金,念のため現金も持っていく,買い物,1
247,しへい,紙幣,財布の中の紙幣を確認する,買い物,2
248,こうか,硬貨,自動販売機に硬貨を入れる,買い物,2
249,ねあげ,値上げ,来月から商品の値上げが予定されている,買い物,1
250,ねさげ,値下げ,季節商品が値下げされていた,買い物,1
251,かかく,価格,購入前に商品の価格を比べる,買い物,1
252,たんか,単価,一個あたりの単価を確認する,買い物,2
253,ごうけい,合計,買い物の合計金額を確認する,買い物,1
254,せいさん,精算,セルフレジで代金を精算する,買い物,2
255,つりせん,釣銭,受け取った釣銭を確認する,買い物,3
256,こうにゅうりれき,購入履歴,通販サイトで購入履歴を見る,買い物,2
257,はんばい,販売,限定商品が店頭で販売される,買い物,1
258,にゅうか,入荷,売り切れの商品が再び入荷した,買い物,1
259,しょうひん,商品,気になる商品を手に取って見る,買い物,1
260,ひんしつ,品質,価格だけでなく品質も確認する,買い物,2
261,じょうきょう,状況,現在の状況を担当者に伝える,仕事,2
262,たいおう,対応,問い合わせにすぐ対応する,仕事,1
263,かくにん,確認,送信前に内容を確認する,仕事,1
264,れんらく,連絡,予定の変更を相手に連絡する,仕事,1
265,ほうこく,報告,作業の進み具合を上司に報告する,仕事,1
266,そうだん,相談,困ったことを同僚に相談する,仕事,1
267,ちょうせい,調整,参加者の予定を調整する,仕事,2
268,へんこうてん,変更点,前回からの変更点を説明する,仕事,1
269,かいとう,回答,問い合わせへの回答を送る,仕事,1
270,しつもん,質問,分からない点を担当者に質問する,仕事,1
271,いらい,依頼,資料の作成を同僚に依頼する,仕事,2
272,きょか,許可,上司から使用の許可をもらう,仕事,2
273,きょひ,拒否,不要な通知を拒否する設定にする,仕事,2
274,けんとう,検討,新しい案について検討する,仕事,2
275,はんだん,判断,状況を見て自分で判断する,仕事,1
276,ゆうせん,優先,急ぎの仕事を優先する,仕事,2
277,ほりゅう,保留,確認が取れるまで返事を保留する,仕事,2
278,かんりょう,完了,予定していた作業が完了した,仕事,1
279,みかんりょう,未完了,未完了の作業を一覧で確認する,仕事,1
280,しんちょく,進捗,作業の進捗を共有する,仕事,3
281,たくはい,宅配,宅配で荷物が届く,日常,1
282,はいたつ,配達,荷物の配達予定を確認する,日常,1
283,ふざい,不在,配達時に不在だったため持ち帰りになった,日常,1
284,さいはいたつ,再配達,荷物の再配達を申し込む,日常,2
285,うけとり,受取,荷物の受取日時を変更する,日常,1
286,はっそう,発送,注文した商品が発送された,日常,1
287,こんぽう,梱包,割れないよう丁寧に梱包する,日常,3
288,びんせん,便箋,便箋にお礼の手紙を書く,日常,2
289,ゆうびん,郵便,大切な書類を郵便で送る,日常,1
290,ゆうびんばんごう,郵便番号,住所と郵便番号を記入する,日常,1
291,はがき,葉書,旅行先から葉書を送る,日常,2
292,きって,切手,封筒に切手を貼る,日常,1
293,そくたつ,速達,急ぎの書類を速達で送る,日常,2
294,ちゃくばらい,着払い,荷物を着払いで発送する,日常,2
295,そうふ,送付,必要書類を郵送で送付する,仕事,2
296,へんそう,返送,記入した書類を返送する,仕事,2
297,どうふう,同封,返信用封筒を同封する,仕事,2
298,かいふう,開封,届いた封筒を開封する,日常,2
299,あてな,宛名,封筒に相手の宛名を書く,日常,3
300,けしいん,消印,封筒に押された消印の日付を見る,日常,3
301,こうさてん,交差点,次の交差点を右に曲がる,交通,1
302,ほどう,歩道,自転車を降りて歩道を歩く,交通,1
303,しゃどう,車道,車道に飛び出さないよう注意する,交通,1
304,ふみきり,踏切,踏切が開くまで待つ,交通,2
305,ていりゅうじょ,停留所,次の停留所でバスを降りる,交通,2
306,ろせん,路線,目的地までの路線を調べる,交通,2
307,じこくひょう,時刻表,駅で電車の時刻表を確認する,交通,1
308,かいそく,快速,快速電車に乗って移動する,交通,1
309,とっきゅう,特急,特急列車の指定席を予約する,交通,2
310,していせき,指定席,新幹線の指定席を取る,交通,1
311,じゆうせき,自由席,自由席の車両に乗る,交通,1
312,おうふく,往復,往復の切符をまとめて買う,交通,2
313,かたみち,片道,駅まで片道三十分かかる,交通,1
314,もくてきち,目的地,地図で目的地までの道を確認する,交通,1
315,げんざいち,現在地,地図アプリで現在地を確認する,交通,1
316,ほうこう,方向,駅員に出口の方向を尋ねる,交通,1
317,きょり,距離,家から駅までの距離を調べる,交通,2
318,こんざつ,混雑,朝の電車はとても混雑している,交通,2
319,まんいん,満員,満員の電車を一本見送る,交通,1
320,くうせき,空席,車内に空席があるか確認する,交通,2
321,れんきゅう,連休,連休を使って家族で出かける,日常,1
322,きゅうじつ,休日,休日は家でゆっくり過ごす,日常,1
323,へいじつ,平日,平日は朝早く家を出る,日常,1
324,よてい,予定,来週の予定を手帳に書く,日常,1
325,にってい,日程,旅行の日程を家族と相談する,日常,1
326,えんき,延期,雨のため行事が延期になった,日常,2
327,ちゅうし,中止,悪天候でイベントが中止になった,日常,1
328,けってい,決定,集合時間が正式に決定した,日常,1
329,とりけし,取消し,予約の取消し手続きをする,手続き,2
330,しゅうごう,集合,駅前に十時に集合する,日常,1
331,かいさん,解散,イベント終了後に現地で解散する,日常,1
332,ちゅうせん,抽選,人気商品の抽選に申し込む,日常,2
333,とうせん,当選,応募していたチケットに当選した,日常,1
334,らくせん,落選,残念ながら抽選に落選した,日常,1
335,おうぼ,応募,キャンペーンに応募する,日常,2
336,しめきりび,締切日,応募の締切日を確認する,日常,2
337,さんか,参加,地域のイベントに参加する,日常,1
338,けっせき,欠席,都合が悪く会合を欠席する,日常,1
339,しゅっせき,出席,予定どおり会議に出席する,日常,1
340,しょうたい,招待,友人を食事会に招待する,日常,2
341,きせつ,季節,季節に合った服を選ぶ,日常,1
342,つゆ,梅雨,梅雨の時期は洗濯物が乾きにくい,日常,2
343,たいふう,台風,台風に備えて雨戸を閉める,日常,1
344,ごうう,豪雨,豪雨の予報に注意する,日常,2
345,らくらい,落雷,落雷のおそれがあるため屋内に入る,日常,2
346,かみなり,雷,遠くで雷の音が聞こえる,日常,2
347,こうずい,洪水,大雨による洪水に警戒する,日常,2
348,けいほう,警報,大雨警報が発表された,日常,2
349,ちゅういほう,注意報,強風注意報が出ている,日常,2
350,ひなん,避難,危険を感じたら早めに避難する,日常,2
351,ぼうさい,防災,家族で防災用品を確認する,日常,1
352,ひじょうぐち,非常口,建物に入ったら非常口を確認する,日常,2
353,ひじょうしょく,非常食,災害に備えて非常食を用意する,日常,1
354,だんすい,断水,工事のため一時的に断水する,日常,2
355,ていでん,停電,雷の影響で停電が起きた,日常,1
356,ふっきゅう,復旧,停電から数時間後に復旧した,日常,2
357,さいがい,災害,災害への備えを家族で話し合う,日常,1
358,ひがい,被害,大雨による被害の状況を確認する,日常,1
359,きんきゅう,緊急,緊急の場合はすぐに連絡する,日常,2
360,きゅうじょ,救助,取り残された人の救助が行われた,日常,2
361,かんこう,観光,旅行先で名所を観光する,交通,1
362,しゅくはく,宿泊,駅の近くのホテルに宿泊する,交通,2
363,れんぱく,連泊,同じホテルに二日間連泊する,交通,2
364,よやくせき,予約席,予約席の番号を確認する,交通,1
365,まどぐち,窓口,駅の窓口で切符について尋ねる,交通,1
366,かいさつぐち,改札口,改札口の前で待ち合わせる,交通,1
367,きっぷ,切符,券売機で切符を買う,交通,1
368,じょうしゃ,乗車,前の扉からバスに乗車する,交通,1
369,げしゃ,下車,次の停留所で下車する,交通,1
370,はっしゃ,発車,電車がまもなく発車する,交通,1
371,とうちゃく,到着,目的地に予定どおり到着する,交通,1
372,しゅっぱつ,出発,朝七時に自宅を出発する,交通,1
373,けいゆ,経由,大阪を経由して目的地へ向かう,交通,2
374,ちょくつう,直通,空港まで直通のバスに乗る,交通,1
375,おうらい,往来,車の往来が多い道を避ける,交通,2
376,つうこうどめ,通行止め,工事のため道路が通行止めになった,交通,1
377,いっぽうつうこう,一方通行,この道路は一方通行になっている,交通,1
378,せいげんそくど,制限速度,道路の制限速度を守って運転する,交通,1
379,じょしゅせき,助手席,荷物を助手席に置く,交通,2
380,こうそくどうろ,高速道路,高速道路を使って移動する,交通,1
381,しょうひんだな,商品棚,商品棚から必要な物を取る,買い物,1
382,れじぶくろ,レジ袋,必要なのでレジ袋を一枚もらう,買い物,1
383,ふくろづめ,袋詰め,購入した商品を自分で袋詰めする,買い物,2
384,ひょうじ,表示,商品の価格表示を確認する,買い物,1
385,しょうさいひょうじ,詳細表示,商品の詳細表示を開いて確認する,買い物,2
386,ざいしつ,材質,服のタグで材質を確認する,買い物,2
387,せいぞう,製造,商品の製造年月日を確認する,買い物,2
388,げんさん,原産,食品の原産国を確認する,買い物,2
389,こくさん,国産,国産の野菜を選んで買う,買い物,1
390,ゆにゅう,輸入,海外から輸入された食品を買う,買い物,2
391,ひんばん,品番,家電の品番を控えておく,買い物,2
392,ざいしつひょうじ,材質表示,材質表示を見て洗い方を確認する,買い物,2
393,とりあつかい,取扱い,商品の取扱い方法を確認する,買い物,2
394,ちゅういじこう,注意事項,使用前に注意事項を読む,買い物,2
395,ほかん,保管,食品を涼しい場所で保管する,買い物,1
396,みかいふう,未開封,未開封の商品を棚にしまう,買い物,2
397,かいふうずみ,開封済み,開封済みの食品は早めに食べる,買い物,2
398,しんぴん,新品,壊れた家電を新品に買い替える,買い物,1
399,ちゅうこ,中古,中古の本を安く購入する,買い物,1
400,ざいこぎれ,在庫切れ,欲しい色は在庫切れだった,買い物,1
401,しょるい,書類,必要な書類をそろえて提出する,手続き,1
402,きにゅう,記入,申込書に氏名を記入する,手続き,1
403,しめい,氏名,欄に氏名を正しく書く,手続き,1
404,せいねんがっぴ,生年月日,本人確認のため生年月日を入力する,手続き,1
405,げんじゅうしょ,現住所,申込書に現在の現住所を記入する,手続き,2
406,れんらくさき,連絡先,緊急時の連絡先を登録する,手続き,1
407,きんきゅうれんらくさき,緊急連絡先,申込書に緊急連絡先を書く,手続き,1
408,ひつようじこう,必要事項,必要事項をすべて記入する,手続き,1
409,ひっす,必須,星印の項目は入力が必須です,手続き,2
410,にんい,任意,この項目への回答は任意です,手続き,2
411,せんたく,選択,該当する項目を一つ選択する,手続き,1
412,どうい,同意,内容を読んで規約に同意する,手続き,1
413,きやく,規約,申し込み前に利用規約を読む,手続き,2
414,てつづき,手続き,住所変更の手続きを済ませる,手続き,1
415,うけつけばんごう,受付番号,発行された受付番号を控える,手続き,1
416,せいりけん,整理券,窓口で整理券を取って待つ,手続き,1
417,こうふ,交付,窓口で証明書の交付を受ける,手続き,2
418,へんきゃく,返却,借りた物を期限までに返却する,手続き,2
419,ふんしつ,紛失,カードを紛失したため利用を停止する,手続き,2
420,とどけで,届出,住所変更の届出を役所に提出する,手続き,2
421,あくしゅ,握手,久しぶりに会った相手と握手する,日常,2
422,あくび,欠伸,眠くなって思わず欠伸が出る,日常,3
423,ためいき,溜息,心配事があって溜息をつく,日常,3
424,くしゃみ,嚏,急に大きなくしゃみが出た,日常,3
425,まばたき,瞬き,目が乾いたので何度か瞬きをする,日常,3
426,まぶた,瞼,眠くて瞼が重くなる,日常,3
427,ひざ,膝,椅子に座って膝を伸ばす,日常,3
428,ひじ,肘,机に肘をつかないようにする,日常,3
429,つめ,爪,伸びた爪を短く切る,日常,2
430,はだ,肌,乾燥する季節は肌を保湿する,日常,2
431,はだざわり,肌触り,肌触りのよいタオルを選ぶ,日常,2
432,かおり,香り,部屋にコーヒーの香りが広がる,日常,2
433,におい,匂い,料理のおいしそうな匂いがする,日常,2
434,よごれ,汚れ,シャツについた汚れを落とす,日常,2
435,しみ,染み,服についた染みをすぐに洗う,日常,2
436,しわ,皺,アイロンでシャツの皺を伸ばす,日常,3
437,ほころび,綻び,服の裾の綻びを縫い直す,日常,3
438,ぬう,縫う,取れたボタンを糸で縫う,日常,2
439,ほどく,解く,絡まったひもをゆっくり解く,日常,2
440,むすぶ,結ぶ,袋の口をひもで結ぶ,日常,1
441,たな,棚,本を棚にきれいに並べる,家,2
442,たんす,箪笥,衣替えした服を箪笥にしまう,家,3
443,おしいれ,押入れ,布団を押入れに収納する,家,1
444,げたばこ,下駄箱,脱いだ靴を下駄箱にしまう,家,2
445,かべ,壁,壁に時計を掛ける,家,1
446,てんじょう,天井,天井の照明を交換する,家,2
447,ゆか,床,床に落ちたごみを拾う,家,1
448,かいだん,階段,階段をゆっくり下りる,家,1
449,てすり,手摺,階段では手摺につかまる,家,3
450,しきい,敷居,敷居の溝を掃除する,家,3
451,たたみ,畳,畳の部屋で横になる,家,2
452,ふすま,襖,襖を静かに閉める,家,3
453,くつべら,靴箆,玄関に靴箆を置いておく,家,3
454,にわ,庭,休日に庭の草を抜く,家,1
455,うえき,植木,庭の植木に水をやる,家,1
456,えだ,枝,伸びた木の枝を切る,家,1
457,かれは,枯葉,庭に落ちた枯葉を集める,家,2
458,しばふ,芝生,庭の芝生を手入れする,家,2
459,ひなた,日向,洗濯物を日向に干す,家,2
460,ひかげ,日陰,暑いので日陰で少し休む,家,2
461,かんじょう,勘定,食事のあとで勘定を済ませる,買い物,2
462,べんしょう,弁償,壊してしまった品物を弁償する,買い物,2
463,むりょう,無料,このサービスは期間中無料で使える,買い物,1
464,ゆうりょう,有料,指定の袋は有料になっている,買い物,1
465,むだづかい,無駄遣い,衝動買いを減らして無駄遣いを防ぐ,買い物,2
466,しょうどうがい,衝動買い,欲しくなってつい衝動買いをした,買い物,2
467,まとめがい,まとめ買い,安い日に日用品をまとめ買いする,買い物,1
468,ひかえ,控え,支払いの控えを保管しておく,買い物,2
469,うちわけ,内訳,請求金額の内訳を確認する,買い物,2
470,さがく,差額,交換した商品の差額を支払う,買い物,2
471,へんきん,返金,キャンセルした代金が返金された,買い物,1
472,かんぷ,還付,払い過ぎた税金の還付を受ける,手続き,3
473,みばらい,未払い,未払いの料金がないか確認する,買い物,1
474,ぜんがく,全額,キャンセル料が全額返金された,買い物,1
475,いちぶ,一部,代金の一部を先に支払う,買い物,1
476,ぶんかつ,分割,代金を分割で支払う,買い物,1
477,いっかつ,一括,残りの代金を一括で支払う,買い物,2
478,てつけきん,手付金,契約時に手付金を支払う,買い物,2
479,こうにゅうしゃ,購入者,購入者の名前を確認する,買い物,1
480,りようしゃ,利用者,サービスの利用者登録を行う,手続き,1
481,びこう,備考,申込書の備考欄に補足を書く,仕事,2
482,らん,欄,必要な欄にチェックを入れる,仕事,2
483,こうもく,項目,入力する項目を順番に確認する,仕事,2
484,がいよう,概要,企画の概要を短くまとめる,仕事,2
485,ようやく,要約,長い文章の内容を要約する,仕事,2
486,ほそく,補足,説明が足りない部分を補足する,仕事,2
487,さんしょう,参照,詳しい内容は別紙を参照する,仕事,2
488,てんそうさき,転送先,メールの転送先を確認する,仕事,1
489,べっし,別紙,詳しい内容を別紙にまとめる,仕事,2
490,げんぽん,原本,手続きには書類の原本が必要になる,仕事,2
491,うつし,写し,身分証明書の写しを提出する,仕事,1
492,ふくしゃ,複写,必要な書類を複写して保管する,仕事,2
493,えつらん,閲覧,社内資料をパソコンで閲覧する,仕事,3
494,しょうかい,照会,登録内容について担当部署に照会する,仕事,2
495,しょうごう,照合,書類とデータの内容を照合する,仕事,2
496,しょうにんいん,承認印,確認後に承認印を押す,仕事,2
497,かいらん,回覧,連絡事項を部署内で回覧する,仕事,2
498,けいさい,掲載,案内をホームページに掲載する,仕事,2
499,けいじ,掲示,お知らせを入口に掲示する,仕事,2
500,てっぱい,撤廃,古い制度を撤廃することが決まった,仕事,3
501,しょくよく,食欲,暑さで少し食欲が落ちている,健康,1
502,たいちょう,体調,朝から体調がすぐれない,健康,1
503,けんたいかん,倦怠感,疲れがたまり倦怠感がある,健康,3
504,かたこり,肩凝り,長時間の作業で肩凝りがひどくなる,健康,3
505,こしつう,腰痛,重い物を持って腰痛が出た,健康,1
506,きんにくつう,筋肉痛,運動した翌日に筋肉痛になった,健康,1
507,はれ,腫れ,足首の腫れが引いてきた,健康,2
508,むくみ,浮腫み,夕方になると足の浮腫みが気になる,健康,3
509,かゆみ,痒み,虫に刺された場所に痒みがある,健康,3
510,いたみ,痛み,無理をせず痛みがある場所を休ませる,健康,1
511,きず,傷,小さな傷を水できれいに洗う,健康,1
512,きずぐち,傷口,傷口を清潔に保つ,健康,1
513,しゅっけつ,出血,傷からの出血が止まったか確認する,健康,2
514,びねつ,微熱,夕方になって微熱が出た,健康,2
515,さむけ,寒気,急に寒気を感じたので体温を測る,健康,2
516,おうと,嘔吐,症状の欄に嘔吐の有無を記入する,病院,3
517,げねつ,解熱,薬を飲んでしばらくすると解熱した,病院,2
518,ちんつう,鎮痛,鎮痛作用のある薬について説明を受ける,病院,3
519,ふくよう,服用,薬を決められた時間に服用する,病院,2
520,ようほう,用法,薬の用法をよく確認する,病院,2
521,あいまい,曖昧,返事が曖昧で意味が分かりにくい,日常,3
522,おだやか,穏やか,今日は風もなく穏やかな天気だ,日常,2
523,にぎやか,賑やか,休日の商店街はとても賑やかだ,日常,3
524,しずか,静か,夜は静かな部屋で本を読む,日常,1
525,めんどう,面倒,面倒な作業を先に終わらせる,日常,1
526,ていねい,丁寧,書類に住所を丁寧に書く,日常,2
527,ざつ,雑,急いでいたので作業が雑になった,日常,2
528,じょうぶ,丈夫,丈夫で長く使える鞄を選ぶ,日常,2
529,やわらかい,柔らかい,柔らかいタオルを使う,日常,2
530,かたい,硬い,この瓶のふたは硬くて開かない,日常,1
531,ゆるい,緩い,ねじが緩いので締め直す,日常,2
532,しめつけ,締め付け,靴の締め付けがきつく感じる,日常,2
533,まぶしい,眩しい,朝日が眩しいのでカーテンを閉める,日常,3
534,さわやか,爽やか,窓を開けると爽やかな風が入る,日常,3
535,なつかしい,懐かしい,昔の写真を見て懐かしい気持ちになる,日常,2
536,めずらしい,珍しい,店で珍しい果物を見つけた,日常,2
537,めんぼく,面目,失敗して面目を失う,日常,3
538,きげん,機嫌,今日は朝から機嫌がいい,日常,2
539,いごこち,居心地,居心地のよい部屋でくつろぐ,日常,2
540,きゅうくつ,窮屈,満員電車で少し窮屈に感じる,日常,3
541,れいぞうこ,冷蔵庫,買ってきた牛乳を冷蔵庫に入れる,家,1
542,でんしれんじ,電子レンジ,電子レンジで料理を温める,家,1
543,かんき,換気,窓を開けて部屋を換気する,家,2
544,しつど,湿度,部屋の湿度を確認する,家,2
545,じょしつ,除湿,梅雨は除湿機を使う,家,2
546,かしつ,加湿,乾燥するので部屋を加湿する,家,2
547,せんめんだい,洗面台,洗面台についた水滴を拭く,家,1
548,よくそう,浴槽,浴槽にお湯をためる,家,2
549,きゅうとう,給湯,給湯器の温度を設定する,家,2
550,おんど,温度,エアコンの温度を調整する,家,1
551,せんたくそう,洗濯槽,洗濯槽を定期的に掃除する,家,1
552,じゅうなんざい,柔軟剤,洗濯するときに柔軟剤を入れる,家,2
553,せんじょう,洗浄,フィルターを水で洗浄する,家,2
554,すすぎ,濯ぎ,洗濯機の濯ぎ回数を設定する,家,3
555,だっすい,脱水,洗濯機で脱水まで行う,家,2
556,かわかす,乾かす,ぬれた靴を日陰で乾かす,家,1
557,ふく,拭く,テーブルの汚れを布で拭く,家,2
558,みがく,磨く,洗面台の鏡をきれいに磨く,家,2
559,はく,掃く,玄関をほうきで掃く,家,2
560,すてる,捨てる,不要になった紙を捨てる,家,1
561,きざむ,刻む,ねぎを細かく刻む,料理,2
562,むく,剥く,りんごの皮を薄く剥く,料理,3
563,しぼる,絞る,レモンを絞って果汁を加える,料理,2
564,まぜる,混ぜる,材料をよく混ぜる,料理,1
565,とかす,溶かす,バターを弱火で溶かす,料理,2
566,こがす,焦がす,火が強すぎて魚を焦がす,料理,2
567,こげる,焦げる,パンが少し焦げる,料理,2
568,こす,濾す,だしを布で濾す,料理,3
569,つける,漬ける,野菜を調味液に漬ける,料理,2
570,そえる,添える,料理にレモンを添える,料理,2
571,かざる,飾る,ケーキに果物を飾る,料理,1
572,はかる,量る,小麦粉を百グラム量る,料理,2
573,ひとつまみ,一摘み,塩を一摘み加える,料理,3
574,しょうしょう,少々,仕上げに塩を少々加える,料理,2
575,てきりょう,適量,好みに合わせて醤油を適量入れる,料理,2
576,かじゅう,果汁,レモンの果汁を料理に加える,料理,2
577,かにく,果肉,果肉がたっぷり入ったゼリーを食べる,料理,2
578,こく,穀,穀類をバランスよく食べる,料理,3
579,ざっこく,雑穀,白米に雑穀を混ぜて炊く,料理,2
580,はっこう,発酵,生地を温かい場所で発酵させる,料理,2
581,しょうたいじょう,招待状,結婚式の招待状が届く,日常,2
582,けっこんしき,結婚式,友人の結婚式に出席する,日常,1
583,そうしき,葬式,親族の葬式に参列する,日常,2
584,こうでん,香典,受付で香典を渡す,日常,3
585,しゅうぎ,祝儀,結婚のお祝いに祝儀を包む,日常,2
586,のしぶくろ,熨斗袋,お祝いのお金を熨斗袋に入れる,日常,3
587,ほうじ,法事,親族が集まって法事を行う,日常,2
588,ぼん,盆,盆には家族で墓参りをする,日常,1
589,ひがん,彼岸,彼岸に墓参りへ行く,日常,2
590,はかまいり,墓参り,彼岸に家族で墓参りへ行く,日常,1
591,きちょう,記帳,受付で名前を記帳する,日常,2
592,いわい,祝い,友人の結婚祝いを用意する,日常,1
593,おれい,御礼,お世話になった人に御礼を伝える,日常,2
594,みまい,見舞い,入院した知人へ見舞いに行く,日常,1
595,おくりもの,贈り物,誕生日に贈り物を渡す,日常,1
596,ぞうとう,贈答,季節の贈答品を選ぶ,日常,2
597,ほうそう,包装,贈り物をきれいに包装してもらう,買い物,1
598,のし,熨斗,贈答品に熨斗を付けてもらう,買い物,3
599,てみやげ,手土産,訪問先へ手土産を持っていく,日常,1
600,さしいれ,差し入れ,仕事中の仲間に飲み物を差し入れする,日常,1
601,しんりょう,診療,休日の診療時間を確認する,病院,2
602,もんしん,問診,診察前に問診を受ける,病院,2
603,もんしんひょう,問診票,待合室で問診票を記入する,病院,2
604,たいおんけい,体温計,体温計で熱を測る,健康,1
605,けつあつけい,血圧計,自宅の血圧計で血圧を測る,健康,1
606,たいじゅうけい,体重計,朝起きて体重計に乗る,健康,1
607,しんさつけん,診察券,受付で診察券を出す,病院,1
608,ほけんしょう,保険証,受付で保険証を提示する,病院,1
609,ちょうざい,調剤,薬局で薬を調剤してもらう,病院,2
610,やくざいし,薬剤師,薬剤師から薬の説明を受ける,病院,2
611,ふくさよう,副作用,薬の副作用について確認する,病院,2
612,こうか,効果,薬の効果が出るまで安静にする,健康,1
613,こうのう,効能,薬の効能を説明書で確認する,病院,2
614,しょくぜん,食前,この薬は食前に服用する,病院,1
615,しょくご,食後,薬を食後に飲む,病院,1
616,くうふく,空腹,空腹のまま薬を飲まないようにする,健康,2
617,あんせい,安静,体調が悪いので家で安静にする,健康,2
618,かいふく,回復,十分に休んで体力が回復した,健康,1
619,めんえき,免疫,睡眠や食事で健康を保つ,健康,2
620,けんさけっか,検査結果,病院で検査結果の説明を受ける,病院,1
621,ためらう,躊躇う,声をかけようか少し躊躇う,日常,3
622,ためる,貯める,旅行のために少しずつお金を貯める,日常,1
623,たくわえる,蓄える,災害に備えて水を蓄える,日常,2
624,そろえる,揃える,必要な道具を一式揃える,日常,2
625,かたづける,片付ける,使った物を元の場所に片付ける,日常,1
626,なくす,失くす,大切な鍵を失くさないようにする,日常,1
627,ひろう,拾う,道に落ちていた財布を拾う,日常,1
628,わたす,渡す,受付で書類を担当者に渡す,日常,1
629,あずける,預ける,旅行中は荷物をホテルに預ける,日常,2
630,あずかる,預かる,友人から荷物を一時的に預かる,日常,2
631,かりる,借りる,図書館で本を借りる,日常,1
632,かす,貸す,友人に傘を貸す,日常,1
633,とどける,届ける,忘れ物を持ち主に届ける,日常,1
634,たずねる,尋ねる,分からない道を駅員に尋ねる,日常,2
635,たしかめる,確かめる,出発前に時間を確かめる,日常,1
636,ことわる,断る,都合が悪いので誘いを断る,日常,2
637,あやまる,謝る,迷惑をかけた相手に謝る,日常,2
638,ゆるす,許す,事情を聞いて相手を許す,日常,2
639,すすめる,勧める,友人にお気に入りの店を勧める,日常,2
640,ゆずる,譲る,電車で席を必要な人に譲る,日常,2
641,ふせぐ,防ぐ,窓を閉めて雨の吹き込みを防ぐ,家,2
642,さえぎる,遮る,カーテンで強い日差しを遮る,家,3
643,おおう,覆う,家具を布で覆ってほこりを防ぐ,家,3
644,しめる,湿る,雨の日は洗濯物が湿る,家,2
645,くさる,腐る,食品が腐る前に冷蔵庫へ入れる,家,2
646,いたむ,傷む,湿気で床が傷まないようにする,家,2
647,もれる,漏れる,蛇口から水が漏れている,家,2
648,つまる,詰まる,排水口にごみが詰まる,家,2
649,あふれる,溢れる,浴槽からお湯が溢れないようにする,家,3
650,こぼす,零す,飲み物を床に零してしまう,家,3
651,こぼれる,零れる,コップから水が零れる,家,3
652,ちらかる,散らかる,子ども部屋がおもちゃで散らかる,家,1
653,ちらかす,散らかす,使った物を出したまま散らかす,家,1
654,たたむ,畳む,乾いた洗濯物を畳む,家,2
655,かける,掛ける,上着をハンガーに掛ける,家,2
656,しきもの,敷物,床に新しい敷物を敷く,家,2
657,かべがみ,壁紙,古くなった壁紙を張り替える,家,1
658,しょうもう,消耗,毎日使う電池が少しずつ消耗する,家,2
659,れっか,劣化,日光でゴムが劣化する,家,2
660,たいきゅう,耐久,購入前に製品の耐久性を確認する,家,2
661,しょうひぜい,消費税,商品の代金に消費税が加わる,買い物,1
662,ぜいりつ,税率,商品の税率を確認する,買い物,2
663,ていか,定価,定価より安く販売されている,買い物,1
664,はんがく,半額,閉店前に弁当が半額になった,買い物,1
665,わりまし,割増,休日は料金が割増になる,買い物,2
666,ねびき,値引き,まとめて買うと値引きされる,買い物,1
667,とくばい,特売,スーパーの特売で野菜を買う,買い物,1
668,げんてい,限定,期間限定の商品を見つける,買い物,1
669,うりきれ,売り切れ,人気の商品が売り切れになった,買い物,1
670,とりよせ,取り寄せ,店頭にない商品を取り寄せてもらう,買い物,1
671,よやくはんばい,予約販売,新商品が予約販売されている,買い物,1
672,ちゅうもんすう,注文数,注文数を確認してから確定する,買い物,1
673,こすう,個数,購入する商品の個数を入力する,買い物,1
674,すうりょう,数量,注文する数量を変更する,買い物,1
675,ざいこすう,在庫数,画面で商品の在庫数を確認する,買い物,1
676,ひきかえけん,引換券,受付で商品と引換券を交換する,買い物,2
677,りょうがえき,両替機,両替機で紙幣を硬貨に替える,買い物,2
678,けっさい,決済,スマホで代金を決済する,買い物,2
679,りょうきん,料金,サービスの利用料金を確認する,買い物,1
680,だいきん,代金,商品の代金をレジで支払う,買い物,1
681,しょぞく,所属,書類に所属部署を記入する,仕事,2
682,やくしょく,役職,名刺に役職が記載されている,仕事,1
683,ぶしょ,部署,担当の部署へ電話をつなぐ,仕事,2
684,じょうし,上司,作成した資料を上司に確認してもらう,仕事,1
685,どうりょう,同僚,同僚と仕事の予定を相談する,仕事,2
686,こうにん,後任,異動前に後任へ仕事を引き継ぐ,仕事,2
687,ぜんにん,前任,前任者が残した資料を確認する,仕事,2
688,いどう,異動,来月から別の部署へ異動する,仕事,2
689,てんきん,転勤,転勤に伴って引っ越しをする,仕事,1
690,はいぞく,配属,新入社員が営業部に配属される,仕事,2
691,さいよう,採用,面接を経て正式に採用された,仕事,2
692,おうぼしゃ,応募者,応募者に面接の日程を連絡する,仕事,1
693,りれきしょ,履歴書,面接前に履歴書を準備する,仕事,2
694,しょくれき,職歴,履歴書にこれまでの職歴を書く,仕事,1
695,けいれき,経歴,簡単な経歴を紹介する,仕事,2
696,しかく,資格,仕事に必要な資格を取得する,仕事,1
697,めんせつ,面接,採用試験の面接を受ける,仕事,1
698,たいしょく,退職,長年勤めた会社を退職する,仕事,1
699,ふくしょく,復職,休職期間を終えて職場に復職する,仕事,2
700,きゅうしょく,休職,事情があってしばらく休職する,仕事,2
701,しょざいち,所在地,会社の所在地を地図で確認する,手続き,2
702,ほんせき,本籍,申請書に本籍を記入する,手続き,2
703,せたいぬし,世帯主,書類に世帯主の氏名を書く,手続き,2
704,つづきがら,続柄,本人との続柄を記入する,手続き,3
705,ふよう,扶養,扶養に関する書類を提出する,手続き,3
706,はいぐうしゃ,配偶者,申告書に配偶者の有無を記入する,手続き,2
707,いんえい,印影,書類に押した印影を確認する,手続き,3
708,みとめいん,認印,簡単な手続きに認印を使う,手続き,2
709,じついん,実印,重要な契約で実印を使用する,手続き,2
710,いんかんしょうめい,印鑑証明,契約に必要な印鑑証明を取得する,手続き,2
711,しょめいらん,署名欄,書類の署名欄に名前を書く,手続き,2
712,なついん,捺印,確認した書類に捺印する,手続き,3
713,ていじ,提示,受付で本人確認書類を提示する,手続き,2
714,けいたい,携帯,本人確認書類を常に携帯する,日常,2
715,けいたいひん,携帯品,旅行前に携帯品を確認する,日常,2
716,しょじ,所持,身分証を所持しているか確認する,手続き,2
717,とうろく,登録,新しい住所をサービスに登録する,手続き,1
718,まっしょう,抹消,不要になった登録を抹消する,手続き,3
719,さいしん,最新,登録情報を最新の内容に更新する,手続き,1
720,こうしんび,更新日,次回の更新日を忘れないようにする,手続き,1
721,とまどう,戸惑う,突然の質問に少し戸惑う,日常,2
722,あわてる,慌てる,時間を間違えて慌てて家を出る,日常,2
723,あせる,焦る,時間がなくても焦らず確認する,日常,2
724,あきれる,呆れる,同じ失敗を繰り返して呆れる,日常,3
725,なやむ,悩む,どちらを買うか悩む,日常,1
726,まよう,迷う,似た商品が多くて選ぶのに迷う,日常,1
727,うたがう,疑う,知らない番号からの電話を疑う,日常,2
728,おどろく,驚く,突然の知らせに驚く,日常,2
729,あきらめる,諦める,難しい漢字は覚えるのを諦める,日常,3
730,こだわる,拘る,素材に拘って商品を選ぶ,日常,3
731,きづかう,気遣う,体調の悪い人を気遣う,日常,2
732,えんりょ,遠慮,勧められたが今回は遠慮する,日常,2
733,はいりょ,配慮,周囲に配慮して声を小さくする,日常,2
734,なっとく,納得,説明を聞いて内容に納得する,日常,2
735,ごかい,誤解,言い方が悪く相手に誤解される,日常,2
736,かんちがい,勘違い,集合時間を一時間勘違いしていた,日常,2
737,かんしん,感心,丁寧な仕事ぶりに感心する,日常,2
738,かんしゃ,感謝,助けてもらったことに感謝する,日常,1
739,きんちょう,緊張,人前で話すと少し緊張する,日常,2
740,あんしん,安心,無事に到着したと聞いて安心する,日常,1
741,はさむ,挟む,書類をファイルに挟む,日常,2
742,つまむ,摘む,指で小さなごみを摘む,日常,3
743,つかむ,掴む,落ちそうな荷物をしっかり掴む,日常,3
744,ねじる,捻る,ふたを右に捻って開ける,日常,3
745,しぼる,搾る,オレンジを搾ってジュースを作る,料理,3
746,こする,擦る,汚れた部分を布で擦る,家,3
747,ぬぐう,拭う,額の汗をタオルで拭う,日常,3
748,ひたす,浸す,布を水に浸してから絞る,家,2
749,つぶす,潰す,空き缶を小さく潰す,家,3
750,ふさぐ,塞ぐ,壁の小さな穴を塞ぐ,家,3
751,かたむける,傾ける,容器を少し傾けて中身を注ぐ,日常,2
752,しばる,縛る,古新聞をひもで縛る,家,2
753,ゆるめる,緩める,きつい結び目を少し緩める,日常,2
754,はがす,剥がす,箱に貼られたシールを剥がす,日常,3
755,はる,貼る,封筒に切手を貼る,日常,2
756,さす,挿す,花瓶に花を挿す,日常,2
757,ぬく,抜く,使わない電源プラグを抜く,家,1
758,ささる,刺さる,指に小さなとげが刺さる,日常,2
759,からまる,絡まる,イヤホンのコードが絡まる,日常,2
760,ほどける,解ける,歩いているうちに靴紐が解ける,日常,2
761,ふた,蓋,鍋に蓋をして弱火で煮る,料理,3
762,びん,瓶,空になった瓶を分別して捨てる,日常,2
763,かん,缶,飲み終わった缶を洗って捨てる,日常,1
764,はし,箸,食事の前に箸を並べる,料理,2
765,つまようじ,爪楊枝,食後に爪楊枝を使う,料理,3
766,しゃもじ,杓文字,杓文字でご飯をよそう,料理,3
767,おたま,お玉,お玉でみそ汁をよそう,料理,1
768,かんきり,缶切り,缶切りで缶詰を開ける,料理,2
769,ざる,笊,茹でた麺を笊に上げる,料理,3
770,すりばち,擂鉢,擂鉢で胡麻をする,料理,3
771,てつびん,鉄瓶,鉄瓶でお湯を沸かす,料理,2
772,ふきん,布巾,布巾で食卓を拭く,家,2
773,ほうき,箒,箒で玄関のごみを掃く,家,3
774,ちりとり,塵取り,塵取りでごみを集める,家,3
775,かなづち,金槌,金槌で釘を打つ,家,3
776,くぎ,釘,壁に小さな釘を打つ,家,2
777,ねじ,螺子,緩んだ螺子を締め直す,家,3
778,さび,錆,自転車の金属部分に錆が出る,家,3
779,すきま,隙間,窓の隙間から冷たい風が入る,家,2
780,あみ,網,網を使って魚を焼く,料理,2
781,きゅうり,胡瓜,胡瓜を薄く切ってサラダに入れる,料理,3
782,なす,茄子,茄子を油で炒める,料理,3
783,かぼちゃ,南瓜,南瓜を柔らかく煮る,料理,3
784,たけのこ,筍,春に筍ご飯を作る,料理,3
785,ごぼう,牛蒡,牛蒡を細く切ってきんぴらにする,料理,3
786,ねぎ,葱,仕上げに刻んだ葱をのせる,料理,3
787,のり,海苔,おにぎりに海苔を巻く,料理,2
788,ごま,胡麻,料理の仕上げに胡麻を振る,料理,3
789,はちみつ,蜂蜜,ヨーグルトに蜂蜜をかける,料理,3
790,もち,餅,正月に焼いた餅を食べる,料理,2
791,めん,麺,昼食に温かい麺を食べる,料理,2
792,わさび,山葵,刺身に少し山葵を添える,料理,3
793,からし,辛子,おでんに辛子をつける,料理,2
794,こんにゃく,蒟蒻,煮物に蒟蒻を入れる,料理,3
795,ひじきに,ひじき煮,夕食の副菜にひじき煮を作る,料理,1
796,わかめ,若布,みそ汁に若布を入れる,料理,2
797,こんぶ,昆布,昆布からだしを取る,料理,2
798,するめ,鯣,おつまみに鯣を焼く,料理,3
799,あずき,小豆,小豆を煮てあんこを作る,料理,2
800,だいこん,大根,大根を煮物に使う,料理,1
801,はあく,把握,現在の状況を正確に把握する,仕事,3
802,すいこう,遂行,計画どおりに業務を遂行する,仕事,3
803,うながす,促す,期限が近いので提出を促す,仕事,3
804,さいそく,催促,返事がないので確認を催促する,仕事,3
805,しょうだく,承諾,条件を確認して依頼を承諾する,仕事,2
806,りょうしょう,了承,予定変更について相手の了承を得る,仕事,2
807,ていあん,提案,会議で新しい方法を提案する,仕事,1
808,ぎだい,議題,今日の会議の議題を確認する,仕事,2
809,ぎろん,議論,改善方法について議論する,仕事,2
810,けいい,経緯,これまでの経緯を簡単に説明する,仕事,2
811,ほうしん,方針,今後の方針を会議で決める,仕事,1
812,けねん,懸念,安全面への懸念が残っている,仕事,3
813,そち,措置,必要に応じて適切な措置を取る,仕事,3
814,ようせい,要請,関係者に協力を要請する,仕事,2
815,そくしん,促進,手続きのオンライン化を促進する,仕事,3
816,ふきゅう,普及,便利なサービスが広く普及する,日常,2
817,さくげん,削減,無駄な費用を削減する,仕事,2
818,てっかい,撤回,一度出した提案を撤回する,仕事,3
819,はいし,廃止,古い制度が来月で廃止される,仕事,2
820,しゅうぜん,修繕,傷んだ建物を修繕する,家,3
821,かじ,家事,朝のうちに家事をまとめて済ませる,家,1
822,すいじ,炊事,毎日の炊事を家族で分担する,家,2
823,あとかたづけ,後片付け,夕食の後片付けを済ませる,家,1
824,みずきり,水切り,洗った野菜をざるで水切りする,料理,1
825,みじんぎり,微塵切り,玉ねぎを細かく微塵切りにする,料理,3
826,せんぎり,千切り,キャベツを細く千切りにする,料理,1
827,らんぎり,乱切り,人参を食べやすく乱切りにする,料理,2
828,うすぎり,薄切り,玉ねぎを薄切りにする,料理,1
829,わぎり,輪切り,胡瓜を輪切りにする,料理,1
830,したごしらえ,下拵え,夕食の下拵えを先に済ませる,料理,3
831,あくぬき,灰汁抜き,筍を茹でて灰汁抜きをする,料理,3
832,みずけ,水気,豆腐の水気をよく切る,料理,1
833,よねつ,予熱,オーブンを二百度に予熱する,料理,2
834,よわび,弱火,煮物を弱火でじっくり煮る,料理,1
835,ちゅうび,中火,フライパンを中火で温める,料理,1
836,つよび,強火,最後に強火で水分を飛ばす,料理,1
837,ひかげん,火加減,焦げないよう火加減を調整する,料理,2
838,にじる,煮汁,残った煮汁で野菜を煮る,料理,1
839,にもの,煮物,夕食のおかずに煮物を作る,料理,1
840,いためもの,炒め物,冷蔵庫の野菜で炒め物を作る,料理,1
841,あげもの,揚げ物,夕食に揚げ物を作る,料理,1
842,やきもの,焼き物,魚の焼き物を夕食に出す,料理,1
843,つけもの,漬物,食卓に漬物を添える,料理,2
844,じょうびさい,常備菜,週末に常備菜をまとめて作る,料理,2
845,つくりおき,作り置き,忙しい日に備えておかずを作り置きする,料理,1
846,のこりもの,残り物,夕食の残り物を翌日の昼に食べる,料理,1
847,ひもち,日持ち,作った料理が何日くらい日持ちするか確認する,料理,2
848,しょうひ,消費,開封した食品は早めに消費する,料理,1
849,みっぷう,密封,残った食品を容器に入れて密封する,料理,2
850,こわけ,小分け,肉を一回分ずつ小分けして冷凍する,料理,1
851,ほぞんようき,保存容器,作り置きを保存容器に入れる,料理,1
852,れいとうやけ,冷凍焼け,長く保存した肉が冷凍焼けしていた,料理,2
853,しぜんかいとう,自然解凍,冷凍した食品を自然解凍する,料理,1
854,あらねつ,粗熱,料理の粗熱が取れてから冷蔵庫に入れる,料理,2
855,ゆせん,湯煎,チョコレートを湯煎で溶かす,料理,2
856,おとしぶた,落し蓋,煮物に落し蓋をして味を染み込ませる,料理,2
857,ふきこぼれ,吹き零れ,鍋の吹き零れに気をつける,料理,3
858,あぶらはね,油跳ね,揚げ物の油跳ねに注意する,料理,2
859,なまごみ,生ごみ,料理のあとに生ごみをまとめる,家,1
860,みずあか,水垢,蛇口についた水垢を落とす,家,2
861,ゆあか,湯垢,浴槽についた湯垢を掃除する,家,2
862,ぬめりとり,ぬめり取り,排水口のぬめり取りをする,家,1
863,めづまり,目詰まり,フィルターの目詰まりを掃除する,家,2
864,つまり,詰まり,排水口の詰まりを取り除く,家,1
865,しみぬき,染み抜き,シャツについた汚れを染み抜きする,家,2
866,つけおき,漬け置き,汚れた布巾を洗剤に漬け置きする,家,2
867,てあらい,手洗い,デリケートな服を手洗いする,家,1
868,せんたくひょうじ,洗濯表示,服の洗濯表示を確認する,家,1
869,いろおち,色落ち,色落ちしそうな服を分けて洗う,家,1
870,いろうつり,色移り,白い服への色移りに注意する,家,1
871,なまがわき,生乾き,洗濯物の生乾きの臭いが気になる,家,2
872,へやぼし,部屋干し,雨なので洗濯物を部屋干しする,家,1
873,そとぼし,外干し,天気がいいので布団を外干しする,家,1
874,とりこむ,取り込む,雨が降る前に洗濯物を取り込む,家,1
875,たたみじわ,畳み皺,服についた畳み皺をアイロンで伸ばす,家,3
876,しわのばし,皺伸ばし,シャツの皺伸ばしをする,家,3
877,せんたくのり,洗濯糊,シャツに洗濯糊を使う,家,2
878,いしょうけーす,衣装ケース,季節外れの服を衣装ケースにしまう,家,1
879,ころもがえ,衣替え,季節の変わり目に衣替えをする,家,2
880,ぼうちゅう,防虫,衣類をしまう前に防虫対策をする,家,2
881,ぼうちゅうざい,防虫剤,衣装ケースに防虫剤を入れる,家,2
882,じょしつざい,除湿剤,押入れの除湿剤を交換する,家,2
883,けっしょう,結晶,古い除湿剤の中に結晶ができていた,家,2
884,ふとんかんそうき,布団乾燥機,雨の日に布団乾燥機を使う,家,1
885,ぼっくすしーつ,ボックスシーツ,ボックスシーツを洗濯する,家,1
886,かけぶとん,掛布団,寒くなったので厚い掛布団を出す,家,2
887,しきぶとん,敷布団,敷布団を日に当てて干す,家,2
888,まくらもと,枕元,寝る前に枕元へ水を置く,家,1
889,ねぐ,寝具,季節に合わせて寝具を替える,家,2
890,せいそう,清掃,年末に家の中をまとめて清掃する,家,1
891,かけい,家計,毎月の家計を見直す,買い物,1
892,かけいぼ,家計簿,買い物の金額を家計簿につける,買い物,1
893,せいかつひ,生活費,毎月の生活費を計算する,買い物,1
894,しょくひん,食品,不足している食品を買い足す,買い物,1
895,にちようひん,日用品,洗剤などの日用品をまとめて買う,買い物,1
896,しょうもうひん,消耗品,ティッシュなどの消耗品を補充する,買い物,2
897,かいおき,買い置き,よく使う調味料を買い置きしておく,買い物,1
898,かいたし,買い足し,足りない食材だけ買い足しに行く,買い物,1
899,ほじゅう,補充,なくなった洗剤を補充する,家,2
900,ひつじゅひん,必需品,旅行に必要な必需品をそろえる,日常,2
901,ごみぶくろ,ごみ袋,指定のごみ袋にごみを入れる,家,1
902,ぶんべつ,分別,空き缶と瓶を分別して捨てる,家,2
903,かねんごみ,可燃ごみ,決められた日に可燃ごみを出す,家,1
904,ふねんごみ,不燃ごみ,割れた食器を不燃ごみとして出す,家,1
905,しげんごみ,資源ごみ,新聞紙を資源ごみに出す,家,1
906,そだいごみ,粗大ごみ,古い家具を粗大ごみに出す,家,2
907,しゅうしゅうび,収集日,ごみの収集日を確認する,家,1
908,かいしゅう,回収,資源ごみの回収場所へ持っていく,家,1
909,だんぼーる,段ボール,届いた荷物の段ボールを畳む,家,1
910,かみぶくろ,紙袋,丈夫な紙袋を取っておく,家,1
911,れしーと,明細,買い物の明細を確認する,買い物,2
912,とくよう,徳用,よく使う食品は徳用サイズを選ぶ,買い物,2
913,おおようりょう,大容量,洗剤を大容量の詰め替えで買う,買い物,1
914,つめかえ,詰替え,シャンプーの詰替え用を買う,買い物,2
915,よび,予備,洗剤の予備を一つ置いておく,家,1
916,ざいこかんり,在庫管理,日用品の在庫管理をして買い過ぎを防ぐ,家,1
917,こんだて,献立,冷蔵庫の中を見て夕食の献立を決める,料理,2
918,しゅん,旬,旬の野菜を夕食に取り入れる,料理,2
919,とくばいび,特売日,スーパーの特売日にまとめて買い物をする,買い物,1
920,ちらし,広告,スーパーの広告を見て買う物を決める,買い物,1
921,かいものりすと,買物リスト,冷蔵庫を確認して買物リストを作る,買い物,1
922,しょくざい,食材,一週間分の食材をまとめて買う,料理,1
923,ざいりょう,材料,夕食に必要な材料をそろえる,料理,1
924,ぶんりょう,分量,レシピを見ながら分量を量る,料理,2
925,てじゅん,手順,作り始める前に手順を確認する,料理,1
926,ひとばん,一晩,肉をたれに一晩漬けておく,料理,1
927,ひとくちだい,一口大,鶏肉を一口大に切る,料理,1
928,くしぎり,櫛切り,玉ねぎを櫛切りにする,料理,3
929,さいのめ,賽の目,豆腐を賽の目に切る,料理,3
930,ゆでる,茹でる,鍋で野菜をさっと茹でる,料理,2
931,ゆでじる,茹で汁,茹で汁を少し残しておく,料理,2
932,みずにさらす,水に晒す,切った玉ねぎを水に晒す,料理,3
933,みずをきる,水を切る,洗った野菜の水を切る,料理,1
934,あじつけ,味付け,家族の好みに合わせて味付けする,料理,1
935,うすあじ,薄味,健康を考えて少し薄味にする,料理,1
936,こいくち,濃口,煮物に濃口醤油を使う,料理,2
937,あじみ,味見,仕上げの前に味見をする,料理,1
938,ひとにたち,一煮立ち,調味料を加えて一煮立ちさせる,料理,2
939,にくずれ,煮崩れ,じゃがいもが煮崩れしないよう火加減を見る,料理,2
940,あらいもの,洗い物,食後にまとめて洗い物をする,家,1
941,しょっき,食器,洗った食器を棚に戻す,家,1
942,ちゃわん,茶碗,ご飯を茶碗によそう,料理,2
943,どんぶり,丼,丼にご飯と具を盛り付ける,料理,2
944,こざら,小皿,取り分け用の小皿を並べる,料理,1
945,さらあらい,皿洗い,夕食後の皿洗いを済ませる,家,1
946,あぶらよごれ,油汚れ,換気扇の油汚れを落とす,家,1
947,こげつき,焦げ付き,鍋の焦げ付きを落とす,家,2
948,ちゃしぶ,茶渋,湯飲みについた茶渋を落とす,家,2
949,すいとう,水筒,朝、水筒にお茶を入れる,日常,1
950,べんとうばこ,弁当箱,帰宅後に弁当箱を洗う,家,1
951,べんとう,弁当,朝早く起きて弁当を作る,料理,1
952,ふくさい,副菜,弁当の副菜を前日に用意する,料理,2
953,ちょうしょく,朝食,家族の朝食を用意する,料理,1
954,ちゅうしょく,昼食,残り物で簡単に昼食を作る,料理,1
955,ゆうしょく,夕食,冷蔵庫にある食材で夕食を作る,料理,1
956,しょくたく,食卓,出来上がった料理を食卓に並べる,家,1
957,はいぜん,配膳,家族の分の料理を配膳する,料理,2
958,あとしまつ,後始末,料理が終わったら台所の後始末をする,家,1
959,だいふき,台拭き,食後に台拭きでテーブルを拭く,家,1
960,みずまわり,水回り,週末に水回りをまとめて掃除する,家,1
961,げんかんまっと,玄関マット,汚れた玄関マットを洗う,家,1
962,くつばこ,靴箱,季節外れの靴を靴箱にしまう,家,1
963,かさたて,傘立て,濡れた傘を傘立てに入れる,家,1
964,まどふき,窓拭き,天気のよい日に窓拭きをする,家,1
965,あみどそうじ,網戸掃除,春に網戸掃除をして汚れを落とす,家,1
966,みぞ,溝,窓の溝にたまったごみを取る,家,2
967,はいすい,排水,洗濯機の排水を確認する,家,2
968,はいすいかん,排水管,台所の排水管を掃除する,家,2
969,かんそうざい,乾燥剤,食品の袋に入った乾燥剤を取り出す,家,2
970,しょうしゅうざい,消臭剤,玄関の消臭剤を交換する,家,2
971,よごれおち,汚れ落ち,洗剤による汚れ落ちの違いを比べる,家,1
972,そうじようぐ,掃除用具,掃除用具を一か所にまとめて収納する,家,1
973,かえぶらし,替えブラシ,歯ブラシの替えブラシを買っておく,買い物,1
974,つめかえよう,詰替え用,洗剤は詰替え用を選んで買う,買い物,2
975,よびぶん,予備分,日用品を予備分まで買っておく,買い物,1
976,かいわすれ,買い忘れ,買い忘れがないかリストを確認する,買い物,1
977,かいすぎ,買い過ぎ,特売でも買い過ぎないようにする,買い物,1
978,つかいきる,使い切る,古い調味料から先に使い切る,家,1
979,つかいかけ,使い掛け,使い掛けの洗剤を先に使う,家,2
980,のこり,残り,洗剤の残りが少ないので買い足す,家,1
981,でんきだい,電気代,今月の電気代を確認する,家,1
982,すいどうだい,水道代,水道代が先月より増えていないか見る,家,1
983,がすだい,ガス代,冬はガス代が高くなりやすい,家,1
984,つうしんひ,通信費,家計簿で毎月の通信費を確認する,買い物,1
985,こていひ,固定費,家計を見直して固定費を減らす,買い物,1
986,へんどうひ,変動費,食費などの変動費を確認する,買い物,2
987,やりくり,遣り繰り,予算の中で上手に遣り繰りする,買い物,3
988,せいきゅうがく,請求額,今月のカードの請求額を確認する,買い物,1
989,りようめいさい,利用明細,カードの利用明細に間違いがないか見る,買い物,1
990,ひきおとしび,引落日,口座の引落日を確認する,手続き,1
991,がっこうぎょうじ,学校行事,今月の学校行事を予定表で確認する,日常,1
992,さんかんび,参観日,来週の参観日の時間を確認する,日常,1
993,こんだん,懇談,学校で先生との懇談に参加する,日常,2
994,ほごしゃ,保護者,保護者向けのお知らせを確認する,日常,1
995,ていしゅつぶつ,提出物,学校への提出物を期限までに用意する,日常,1
996,れんらくちょう,連絡帳,連絡帳に先生への伝言を書く,日常,1
997,もちもの,持ち物,前日に学校の持ち物を確認する,日常,1
998,しゅうきん,集金,学校の集金を封筒に入れて準備する,日常,2
999,けっせきれんらく,欠席連絡,学校へ欠席連絡を入れる,日常,1
1000,むかえ,迎え,予定の時間に子どもの迎えに行く,日常,1
